scenario,top20_precision,tp,fp,expected_value
baseline,0.9671828908554573,2623.0,89.0,
LTV=500 cost=30 retain=0.4,0.9671828908554573,,,443240.0
LTV=300 cost=30 retain=0.4,0.9671828908554573,,,233400.0
LTV=500 cost=60 retain=0.4,0.9671828908554573,,,361880.0
LTV=500 cost=30 retain=0.25,0.9671828908554573,,,246515.0
LTV=500 cost=30 retain=0.55,0.9671828908554573,,,639965.0
